,dataset,class,f1score
0,BACE,Class,0.6276838739150298
1,BBBP,p_np,0.7790003143665514
2,ClinTox,FDA_APPROVED,0.8178528347406513
3,ClinTox,CT_TOX,0.1580246913580247
4,SIDER,Hepatobiliary disorders,0.6756002233389167
5,SIDER,Metabolism and nutrition disorders,0.7426614481409002
6,SIDER,Product issues,0.029925187032418955
7,SIDER,Eye disorders,0.7027027027027027
8,SIDER,Investigations,0.7994542974079127
9,SIDER,Musculoskeletal and connective tissue disorders,0.7550122249388753
10,SIDER,Gastrointestinal disorders,0.8422847399829497
11,SIDER,Social circumstances,0.31870669745958424
12,SIDER,Immune system disorders,0.746138996138996
13,SIDER,Reproductive system and breast disorders,0.6557746478873239
14,SIDER,"Neoplasms benign, malignant and unspecified (incl cysts and polyps)",0.39606741573033705
15,SIDER,General disorders and administration site conditions,0.8213675213675214
16,SIDER,Endocrine disorders,0.336980306345733
17,SIDER,Surgical and medical procedures,0.27755749405233937
18,SIDER,Vascular disorders,0.784786641929499
19,SIDER,Blood and lymphatic system disorders,0.7190894981893429
20,SIDER,Skin and subcutaneous tissue disorders,0.8393913778529163
21,SIDER,"Congenital, familial and genetic disorders",0.29054573405073025
22,SIDER,Infections and infestations,0.727361246348588
23,SIDER,"Respiratory, thoracic and mediastinal disorders",0.7694497153700189
24,SIDER,Psychiatric disorders,0.7742248062015504
25,SIDER,Renal and urinary disorders,0.7320061255742725
26,SIDER,"Pregnancy, puerperium and perinatal conditions",0.15515771526001704
27,SIDER,Ear and labyrinth disorders,0.6104276508494435
28,SIDER,Cardiac disorders,0.7622789783889982
29,SIDER,Nervous system disorders,0.8503401360544217
30,SIDER,"Injury, poisoning and procedural complications",0.720160481444333
31,Tox21,NR-AR,0.10986775178026449
32,Tox21,NR-AR-LBD,0.1004664513814137
33,Tox21,NR-AhR,0.3052959501557632
34,Tox21,NR-Aromatase,0.13105413105413105
35,Tox21,NR-ER,0.24945675793133423
36,Tox21,NR-ER-LBD,0.1021186440677966
37,Tox21,NR-PPAR-gamma,0.06568461724221203
38,Tox21,SR-ARE,0.3098838483453868
39,Tox21,SR-ATAD5,0.0902542372881356
40,Tox21,SR-HSE,0.11825307950727884
41,Tox21,SR-MMP,0.3487432675044883
42,Tox21,SR-p53,0.1485297274093153
43,ToxCast,ACEA_T47D_80hr_Negative,0.4313984168865435
44,ToxCast,ACEA_T47D_80hr_Positive,0.2846715328467153
45,ToxCast,APR_HepG2_CellCycleArrest_24h_dn,0.2937219730941704
46,ToxCast,APR_HepG2_CellCycleArrest_24h_up,0.08947368421052632
47,ToxCast,APR_HepG2_CellCycleArrest_72h_dn,0.38958333333333334
48,ToxCast,APR_HepG2_CellLoss_24h_dn,0.4267453294001967
49,ToxCast,APR_HepG2_CellLoss_72h_dn,0.5834767641996558
50,ToxCast,APR_HepG2_MicrotubuleCSK_24h_dn,0.11810012836970475
51,ToxCast,APR_HepG2_MicrotubuleCSK_24h_up,0.1683168316831683
52,ToxCast,APR_HepG2_MicrotubuleCSK_72h_dn,0.11398963730569948
53,ToxCast,APR_HepG2_MicrotubuleCSK_72h_up,0.22168087697929356
54,ToxCast,APR_HepG2_MitoMass_24h_dn,0.2216981132075472
55,ToxCast,APR_HepG2_MitoMass_24h_up,0.06166219839142091
56,ToxCast,APR_HepG2_MitoMass_72h_dn,0.1596009975062344
57,ToxCast,APR_HepG2_MitoMass_72h_up,0.14267515923566879
58,ToxCast,APR_HepG2_MitoMembPot_1h_dn,0.16417910447761194
59,ToxCast,APR_HepG2_MitoMembPot_24h_dn,0.35359116022099446
60,ToxCast,APR_HepG2_MitoMembPot_72h_dn,0.24673784104389088
61,ToxCast,APR_HepG2_MitoticArrest_24h_up,0.3340471092077088
62,ToxCast,APR_HepG2_MitoticArrest_72h_up,0.4197780020181635
63,ToxCast,APR_HepG2_NuclearSize_24h_dn,0.11068211068211067
64,ToxCast,APR_HepG2_NuclearSize_72h_dn,0.08287292817679558
65,ToxCast,APR_HepG2_NuclearSize_72h_up,0.05149051490514905
66,ToxCast,APR_HepG2_OxidativeStress_24h_up,0.3545359749739312
67,ToxCast,APR_HepG2_OxidativeStress_72h_up,0.3867631851085833
68,ToxCast,APR_HepG2_StressKinase_1h_up,0.125
69,ToxCast,APR_HepG2_StressKinase_24h_up,0.13881748071979433
70,ToxCast,APR_HepG2_StressKinase_72h_up,0.19001218026796593
71,ToxCast,APR_HepG2_p53Act_24h_up,0.31072210065645517
72,ToxCast,APR_HepG2_p53Act_72h_up,0.33836206896551724
73,ToxCast,APR_Hepat_Apoptosis_24hr_up,0.27177700348432055
74,ToxCast,APR_Hepat_Apoptosis_48hr_up,0.2808219178082192
75,ToxCast,APR_Hepat_CellLoss_24hr_dn,0.3232323232323232
76,ToxCast,APR_Hepat_CellLoss_48hr_dn,0.2127659574468085
77,ToxCast,APR_Hepat_DNADamage_24hr_up,0.32214765100671144
78,ToxCast,APR_Hepat_DNADamage_48hr_up,0.3255813953488372
79,ToxCast,APR_Hepat_DNATexture_24hr_up,0.33112582781456956
80,ToxCast,APR_Hepat_DNATexture_48hr_up,0.3154362416107382
81,ToxCast,APR_Hepat_MitoFxnI_1hr_dn,0.32885906040268453
82,ToxCast,APR_Hepat_MitoFxnI_24hr_dn,0.24390243902439027
83,ToxCast,APR_Hepat_MitoFxnI_48hr_dn,0.22377622377622378
84,ToxCast,APR_Hepat_NuclearSize_24hr_dn,0.15789473684210525
85,ToxCast,APR_Hepat_NuclearSize_48hr_dn,0.2109090909090909
86,ToxCast,APR_Hepat_Steatosis_24hr_up,0.12927756653992395
87,ToxCast,APR_Hepat_Steatosis_48hr_up,0.1509433962264151
88,ToxCast,ATG_AP_1_CIS_dn,0.05762871988663203
89,ToxCast,ATG_AP_1_CIS_up,0.3358490566037736
90,ToxCast,ATG_AP_2_CIS_dn,0.14031971580817054
91,ToxCast,ATG_AP_2_CIS_up,0.026074360212457747
92,ToxCast,ATG_AR_TRANS_dn,0.015609756097560977
93,ToxCast,ATG_AR_TRANS_up,0.033660589060308554
94,ToxCast,ATG_Ahr_CIS_dn,0.13669950738916256
95,ToxCast,ATG_Ahr_CIS_up,0.3218762636473918
96,ToxCast,ATG_BRE_CIS_dn,0.06387975575387506
97,ToxCast,ATG_BRE_CIS_up,0.2543496271748136
98,ToxCast,ATG_CAR_TRANS_dn,0.05215742057847321
99,ToxCast,ATG_CAR_TRANS_up,0.022286821705426358
100,ToxCast,ATG_CMV_CIS_dn,0.08291110087517273
101,ToxCast,ATG_CMV_CIS_up,0.33048211508553654
102,ToxCast,ATG_CRE_CIS_dn,0.056747404844290666
103,ToxCast,ATG_CRE_CIS_up,0.23785594639865995
104,ToxCast,ATG_C_EBP_CIS_dn,0.05044308111792775
105,ToxCast,ATG_C_EBP_CIS_up,0.17311072056239016
106,ToxCast,ATG_DR4_LXR_CIS_dn,0.36103991212010256
107,ToxCast,ATG_DR4_LXR_CIS_up,0.03859407305306685
108,ToxCast,ATG_DR5_CIS_dn,0.08366013071895424
109,ToxCast,ATG_DR5_CIS_up,0.20824479388015302
110,ToxCast,ATG_E2F_CIS_dn,0.09065679925994449
111,ToxCast,ATG_E2F_CIS_up,0.022330097087378643
112,ToxCast,ATG_EGR_CIS_up,0.29992107340173635
113,ToxCast,ATG_ERE_CIS_dn,0.11680784663397237
114,ToxCast,ATG_ERE_CIS_up,0.4250775060282466
115,ToxCast,ATG_ERRa_TRANS_dn,0.025193798449612403
116,ToxCast,ATG_ERRg_TRANS_dn,0.028169014084507046
117,ToxCast,ATG_ERRg_TRANS_up,0.015647226173541962
118,ToxCast,ATG_ERa_TRANS_up,0.3923132704858593
119,ToxCast,ATG_E_Box_CIS_dn,0.2027027027027027
120,ToxCast,ATG_E_Box_CIS_up,0.06445497630331753
121,ToxCast,ATG_Ets_CIS_dn,0.1419698314108252
122,ToxCast,ATG_Ets_CIS_up,0.019464720194647202
123,ToxCast,ATG_FXR_TRANS_up,0.06387975575387506
124,ToxCast,ATG_FoxA2_CIS_dn,0.04673539518900344
125,ToxCast,ATG_FoxA2_CIS_up,0.05999999999999999
126,ToxCast,ATG_FoxO_CIS_dn,0.09940720474236207
127,ToxCast,ATG_FoxO_CIS_up,0.03477051460361613
128,ToxCast,ATG_GAL4_TRANS_dn,0.05699208443271768
129,ToxCast,ATG_GATA_CIS_dn,0.06545114539504442
130,ToxCast,ATG_GATA_CIS_up,0.030726256983240226
131,ToxCast,ATG_GLI_CIS_dn,0.03221288515406162
132,ToxCast,ATG_GLI_CIS_up,0.1153672825597116
133,ToxCast,ATG_GRE_CIS_dn,0.08907254361799817
134,ToxCast,ATG_GRE_CIS_up,0.04441360166551006
135,ToxCast,ATG_GR_TRANS_dn,0.022646850672328377
136,ToxCast,ATG_GR_TRANS_up,0.04705882352941176
137,ToxCast,ATG_HIF1a_CIS_dn,0.13120567375886527
138,ToxCast,ATG_HIF1a_CIS_up,0.23787815996684625
139,ToxCast,ATG_HNF4a_TRANS_dn,0.02230843840931135
140,ToxCast,ATG_HNF4a_TRANS_up,0.03466538276360135
141,ToxCast,ATG_HNF6_CIS_dn,0.07788595271210015
142,ToxCast,ATG_HNF6_CIS_up,0.03994490358126721
143,ToxCast,ATG_HSE_CIS_dn,0.033310201249132546
144,ToxCast,ATG_HSE_CIS_up,0.24479804161566707
145,ToxCast,ATG_IR1_CIS_dn,0.19907212146773515
146,ToxCast,ATG_IR1_CIS_up,0.05568664464369986
147,ToxCast,ATG_ISRE_CIS_dn,0.2686925229908037
148,ToxCast,ATG_ISRE_CIS_up,0.018439716312056736
149,ToxCast,ATG_LXRa_TRANS_dn,0.03825920612147298
150,ToxCast,ATG_LXRa_TRANS_up,0.06481916392672617
151,ToxCast,ATG_LXRb_TRANS_dn,0.01559177888022679
152,ToxCast,ATG_LXRb_TRANS_up,0.0466000951022349
153,ToxCast,ATG_MRE_CIS_up,0.3853144311159578
154,ToxCast,ATG_M_06_TRANS_up,0.013658536585365855
155,ToxCast,ATG_M_19_CIS_dn,0.048295454545454544
156,ToxCast,ATG_M_19_TRANS_dn,0.04135079255685734
157,ToxCast,ATG_M_19_TRANS_up,0.02131782945736434
158,ToxCast,ATG_M_32_CIS_dn,0.037396121883656507
159,ToxCast,ATG_M_32_CIS_up,0.03337969401947149
160,ToxCast,ATG_M_32_TRANS_dn,0.04152249134948097
161,ToxCast,ATG_M_32_TRANS_up,0.018473505104521146
162,ToxCast,ATG_M_61_TRANS_up,0.01279317697228145
163,ToxCast,ATG_Myb_CIS_dn,0.07252440725244072
164,ToxCast,ATG_Myb_CIS_up,0.037578288100208766
165,ToxCast,ATG_Myc_CIS_dn,0.03464870067372473
166,ToxCast,ATG_Myc_CIS_up,0.11637347767253044
167,ToxCast,ATG_NFI_CIS_dn,0.034532374100719423
168,ToxCast,ATG_NFI_CIS_up,0.17542336083369517
169,ToxCast,ATG_NF_kB_CIS_dn,0.14390983961855222
170,ToxCast,ATG_NF_kB_CIS_up,0.0997229916897507
171,ToxCast,ATG_NRF1_CIS_dn,0.11813186813186813
172,ToxCast,ATG_NRF1_CIS_up,0.06194274988268418
173,ToxCast,ATG_NRF2_ARE_CIS_dn,0.04302567661346287
174,ToxCast,ATG_NRF2_ARE_CIS_up,0.548629930743752
175,ToxCast,ATG_NURR1_TRANS_dn,0.019774011299435026
176,ToxCast,ATG_NURR1_TRANS_up,0.14457831325301204
177,ToxCast,ATG_Oct_MLP_CIS_dn,0.028129395218002815
178,ToxCast,ATG_Oct_MLP_CIS_up,0.3378535451375436
179,ToxCast,ATG_PBREM_CIS_dn,0.026836158192090398
180,ToxCast,ATG_PBREM_CIS_up,0.27261462205700127
181,ToxCast,ATG_PPARa_TRANS_dn,0.03002421307506053
182,ToxCast,ATG_PPARa_TRANS_up,0.12533097969991172
183,ToxCast,ATG_PPARd_TRANS_up,0.04118050789293068
184,ToxCast,ATG_PPARg_TRANS_up,0.4689189189189189
185,ToxCast,ATG_PPRE_CIS_dn,0.05377358490566038
186,ToxCast,ATG_PPRE_CIS_up,0.3359375
187,ToxCast,ATG_PXRE_CIS_dn,0.1990686845168801
188,ToxCast,ATG_PXRE_CIS_up,0.6160130718954248
189,ToxCast,ATG_PXR_TRANS_dn,0.017045454545454544
190,ToxCast,ATG_PXR_TRANS_up,0.4783188792528352
191,ToxCast,ATG_Pax6_CIS_up,0.2669883393646964
192,ToxCast,ATG_RARa_TRANS_dn,0.13896218117854003
193,ToxCast,ATG_RARa_TRANS_up,0.05415676959619952
194,ToxCast,ATG_RARb_TRANS_dn,0.08406466512702078
195,ToxCast,ATG_RARb_TRANS_up,0.01754385964912281
196,ToxCast,ATG_RARg_TRANS_dn,0.042044911610129
197,ToxCast,ATG_RARg_TRANS_up,0.03358925143953935
198,ToxCast,ATG_RORE_CIS_dn,0.025441696113074206
199,ToxCast,ATG_RORE_CIS_up,0.2577962577962578
200,ToxCast,ATG_RORb_TRANS_dn,0.03362151777137368
201,ToxCast,ATG_RORg_TRANS_dn,0.019787985865724382
202,ToxCast,ATG_RORg_TRANS_up,0.02533427163969036
203,ToxCast,ATG_RXRa_TRANS_dn,0.014627011214041932
204,ToxCast,ATG_RXRa_TRANS_up,0.06647940074906367
205,ToxCast,ATG_RXRb_TRANS_dn,0.055503292568203196
206,ToxCast,ATG_RXRb_TRANS_up,0.25998433829287393
207,ToxCast,ATG_SREBP_CIS_dn,0.026074360212457747
208,ToxCast,ATG_SREBP_CIS_up,0.29453124999999997
209,ToxCast,ATG_STAT3_CIS_dn,0.05735778091208275
210,ToxCast,ATG_STAT3_CIS_up,0.030932817786370227
211,ToxCast,ATG_Sox_CIS_dn,0.019746121297602257
212,ToxCast,ATG_Sox_CIS_up,0.1341030195381883
213,ToxCast,ATG_Sp1_CIS_dn,0.023278370514064013
214,ToxCast,ATG_Sp1_CIS_up,0.21521647751155953
215,ToxCast,ATG_TAL_CIS_dn,0.040133779264214055
216,ToxCast,ATG_TAL_CIS_up,0.08372093023255814
217,ToxCast,ATG_TA_CIS_dn,0.018387553041018388
218,ToxCast,ATG_TA_CIS_up,0.1607773851590106
219,ToxCast,ATG_TCF_b_cat_CIS_dn,0.26024096385542167
220,ToxCast,ATG_TCF_b_cat_CIS_up,0.0364656381486676
221,ToxCast,ATG_TGFb_CIS_dn,0.07157057654075547
222,ToxCast,ATG_TGFb_CIS_up,0.09422632794457275
223,ToxCast,ATG_THRa1_TRANS_dn,0.02387640449438202
224,ToxCast,ATG_THRa1_TRANS_up,0.08415147265077139
225,ToxCast,ATG_VDRE_CIS_dn,0.01708185053380783
226,ToxCast,ATG_VDRE_CIS_up,0.4874915483434753
227,ToxCast,ATG_VDR_TRANS_dn,0.01702127659574468
228,ToxCast,ATG_VDR_TRANS_up,0.02985074626865672
229,ToxCast,ATG_XTT_Cytotoxicity_up,0.16967126193001061
230,ToxCast,ATG_Xbp1_CIS_dn,0.02402826855123675
231,ToxCast,ATG_Xbp1_CIS_up,0.27491961414791
232,ToxCast,ATG_p53_CIS_dn,0.19433882551753276
233,ToxCast,ATG_p53_CIS_up,0.05673758865248227
234,ToxCast,BSK_3C_Eselectin_down,0.4020319303338172
235,ToxCast,BSK_3C_HLADR_down,0.538914323086985
236,ToxCast,BSK_3C_ICAM1_down,0.22335025380710655
237,ToxCast,BSK_3C_IL8_down,0.3703136954858454
238,ToxCast,BSK_3C_MCP1_down,0.4079528718703976
239,ToxCast,BSK_3C_MIG_down,0.2226027397260274
240,ToxCast,BSK_3C_Proliferation_down,0.5618262523779327
241,ToxCast,BSK_3C_SRB_down,0.497936726272352
242,ToxCast,BSK_3C_Thrombomodulin_down,0.0916030534351145
243,ToxCast,BSK_3C_Thrombomodulin_up,0.1899641577060932
244,ToxCast,BSK_3C_TissueFactor_down,0.349768875192604
245,ToxCast,BSK_3C_TissueFactor_up,0.10028929604628736
246,ToxCast,BSK_3C_VCAM1_down,0.36213373403456045
247,ToxCast,BSK_3C_Vis_down,0.46284501061571126
248,ToxCast,BSK_3C_uPAR_down,0.4458781362007169
249,ToxCast,BSK_4H_Eotaxin3_down,0.4576271186440678
250,ToxCast,BSK_4H_MCP1_down,0.41764705882352937
251,ToxCast,BSK_4H_Pselectin_down,0.43074691805656273
252,ToxCast,BSK_4H_Pselectin_up,0.04004004004004004
253,ToxCast,BSK_4H_SRB_down,0.42658875091307524
254,ToxCast,BSK_4H_VCAM1_down,0.4393723252496434
255,ToxCast,BSK_4H_VEGFRII_down,0.2564962279966471
256,ToxCast,BSK_4H_uPAR_down,0.3942598187311178
257,ToxCast,BSK_4H_uPAR_up,0.028985507246376812
258,ToxCast,BSK_BE3C_HLADR_down,0.40175953079178883
259,ToxCast,BSK_BE3C_IL1a_down,0.3028846153846154
260,ToxCast,BSK_BE3C_IP10_down,0.3938280675973549
261,ToxCast,BSK_BE3C_MIG_down,0.23267750213858
262,ToxCast,BSK_BE3C_MMP1_down,0.23630136986301373
263,ToxCast,BSK_BE3C_MMP1_up,0.17148014440433212
264,ToxCast,BSK_BE3C_PAI1_down,0.3493312352478364
265,ToxCast,BSK_BE3C_SRB_down,0.2630691399662732
266,ToxCast,BSK_BE3C_TGFb1_down,0.260149130074565
267,ToxCast,BSK_BE3C_tPA_down,0.27800490596892885
268,ToxCast,BSK_BE3C_uPAR_down,0.24957555178268254
269,ToxCast,BSK_BE3C_uPAR_up,0.05708661417322835
270,ToxCast,BSK_BE3C_uPA_down,0.27937551355792933
271,ToxCast,BSK_CASM3C_HLADR_down,0.30441640378548895
272,ToxCast,BSK_CASM3C_IL6_down,0.23420387531592252
273,ToxCast,BSK_CASM3C_IL6_up,0.07999999999999999
274,ToxCast,BSK_CASM3C_IL8_down,0.1907894736842105
275,ToxCast,BSK_CASM3C_LDLR_down,0.20333041191936896
276,ToxCast,BSK_CASM3C_LDLR_up,0.12641509433962264
277,ToxCast,BSK_CASM3C_MCP1_down,0.23173803526448364
278,ToxCast,BSK_CASM3C_MCP1_up,0.04757185332011893
279,ToxCast,BSK_CASM3C_MCSF_down,0.28180354267310787
280,ToxCast,BSK_CASM3C_MCSF_up,0.03719008264462809
281,ToxCast,BSK_CASM3C_MIG_down,0.1903225806451613
282,ToxCast,BSK_CASM3C_Proliferation_down,0.4560168895144265
283,ToxCast,BSK_CASM3C_Proliferation_up,0.04897959183673469
284,ToxCast,BSK_CASM3C_SAA_down,0.1991341991341991
285,ToxCast,BSK_CASM3C_SAA_up,0.048289738430583505
286,ToxCast,BSK_CASM3C_SRB_down,0.2782750203417413
287,ToxCast,BSK_CASM3C_Thrombomodulin_down,0.10447761194029852
288,ToxCast,BSK_CASM3C_Thrombomodulin_up,0.3368592351505289
289,ToxCast,BSK_CASM3C_TissueFactor_down,0.24707846410684475
290,ToxCast,BSK_CASM3C_VCAM1_down,0.2918340026773762
291,ToxCast,BSK_CASM3C_VCAM1_up,0.07093596059113301
292,ToxCast,BSK_CASM3C_uPAR_down,0.28758169934640526
293,ToxCast,BSK_CASM3C_uPAR_up,0.036
294,ToxCast,BSK_KF3CT_ICAM1_down,0.2541528239202658
295,ToxCast,BSK_KF3CT_IL1a_down,0.327843137254902
296,ToxCast,BSK_KF3CT_IP10_down,0.35511145272867023
297,ToxCast,BSK_KF3CT_IP10_up,0.03596403596403596
298,ToxCast,BSK_KF3CT_MCP1_down,0.2864077669902913
299,ToxCast,BSK_KF3CT_MCP1_up,0.039920159680638716
300,ToxCast,BSK_KF3CT_MMP9_down,0.4198975859546452
301,ToxCast,BSK_KF3CT_SRB_down,0.2642444260941371
302,ToxCast,BSK_KF3CT_TGFb1_down,0.3257277734067663
303,ToxCast,BSK_KF3CT_TIMP2_down,0.3563748079877112
304,ToxCast,BSK_KF3CT_uPA_down,0.29260450160771706
305,ToxCast,BSK_LPS_CD40_down,0.45824411134903636
306,ToxCast,BSK_LPS_Eselectin_down,0.3473520249221184
307,ToxCast,BSK_LPS_Eselectin_up,0.03203203203203203
308,ToxCast,BSK_LPS_IL1a_down,0.3468118195956454
309,ToxCast,BSK_LPS_IL1a_up,0.03006012024048096
310,ToxCast,BSK_LPS_IL8_down,0.3670007710100231
311,ToxCast,BSK_LPS_IL8_up,0.04878048780487805
312,ToxCast,BSK_LPS_MCP1_down,0.3763440860215054
313,ToxCast,BSK_LPS_MCSF_down,0.43262927895120173
314,ToxCast,BSK_LPS_PGE2_down,0.4015686274509804
315,ToxCast,BSK_LPS_PGE2_up,0.11827956989247312
316,ToxCast,BSK_LPS_SRB_down,0.4251851851851852
317,ToxCast,BSK_LPS_TNFa_down,0.3414634146341463
318,ToxCast,BSK_LPS_TNFa_up,0.10266159695817491
319,ToxCast,BSK_LPS_TissueFactor_down,0.2784184514003295
320,ToxCast,BSK_LPS_TissueFactor_up,0.09108527131782945
321,ToxCast,BSK_LPS_VCAM1_down,0.45448129851799585
322,ToxCast,BSK_SAg_CD38_down,0.46934460887949264
323,ToxCast,BSK_SAg_CD40_down,0.4690140845070422
324,ToxCast,BSK_SAg_CD69_down,0.44347826086956516
325,ToxCast,BSK_SAg_Eselectin_down,0.44300144300144295
326,ToxCast,BSK_SAg_Eselectin_up,0.07233626588465299
327,ToxCast,BSK_SAg_IL8_down,0.4033232628398791
328,ToxCast,BSK_SAg_IL8_up,0.06470588235294117
329,ToxCast,BSK_SAg_MCP1_down,0.3939622641509435
330,ToxCast,BSK_SAg_MIG_down,0.28264462809917357
331,ToxCast,BSK_SAg_PBMCCytotoxicity_down,0.334103156274057
332,ToxCast,BSK_SAg_PBMCCytotoxicity_up,0.12167300380228137
333,ToxCast,BSK_SAg_Proliferation_down,0.5467532467532468
334,ToxCast,BSK_SAg_SRB_down,0.41374159820761763
335,ToxCast,BSK_hDFCGF_CollagenIII_down,0.446643109540636
336,ToxCast,BSK_hDFCGF_EGFR_down,0.1413953488372093
337,ToxCast,BSK_hDFCGF_EGFR_up,0.08461538461538462
338,ToxCast,BSK_hDFCGF_IL8_down,0.21538461538461537
339,ToxCast,BSK_hDFCGF_IP10_down,0.4395132426628489
340,ToxCast,BSK_hDFCGF_MCSF_down,0.43615494978479197
341,ToxCast,BSK_hDFCGF_MIG_down,0.32050274941084056
342,ToxCast,BSK_hDFCGF_MMP1_down,0.29605792437650846
343,ToxCast,BSK_hDFCGF_MMP1_up,0.10192307692307692
344,ToxCast,BSK_hDFCGF_PAI1_down,0.4151493080844865
345,ToxCast,BSK_hDFCGF_Proliferation_down,0.5683947532792005
346,ToxCast,BSK_hDFCGF_SRB_down,0.3605805958747135
347,ToxCast,BSK_hDFCGF_TIMP1_down,0.2937399678972713
348,ToxCast,BSK_hDFCGF_VCAM1_down,0.4247660187185025
349,ToxCast,CEETOX_H295R_11DCORT_dn,0.5481727574750831
350,ToxCast,CEETOX_H295R_ANDR_dn,0.5367521367521367
351,ToxCast,CEETOX_H295R_CORTISOL_dn,0.4165103189493433
352,ToxCast,CEETOX_H295R_DOC_dn,0.43809523809523815
353,ToxCast,CEETOX_H295R_DOC_up,0.25267665952890794
354,ToxCast,CEETOX_H295R_ESTRADIOL_dn,0.13425925925925927
355,ToxCast,CEETOX_H295R_ESTRADIOL_up,0.31645569620253167
356,ToxCast,CEETOX_H295R_ESTRONE_dn,0.18344519015659955
357,ToxCast,CEETOX_H295R_ESTRONE_up,0.2936170212765958
358,ToxCast,CEETOX_H295R_OHPREG_up,0.19607843137254902
359,ToxCast,CEETOX_H295R_OHPROG_dn,0.4643510054844608
360,ToxCast,CEETOX_H295R_OHPROG_up,0.4194174757281553
361,ToxCast,CEETOX_H295R_PROG_up,0.4363636363636364
362,ToxCast,CEETOX_H295R_TESTO_dn,0.46210720887245843
363,ToxCast,CLD_ABCB1_48hr,0.11583011583011583
364,ToxCast,CLD_ABCG2_48hr,0.1444866920152091
365,ToxCast,CLD_CYP1A1_24hr,0.6274509803921569
366,ToxCast,CLD_CYP1A1_48hr,0.5747126436781609
367,ToxCast,CLD_CYP1A1_6hr,0.5549132947976879
368,ToxCast,CLD_CYP1A2_24hr,0.6648936170212766
369,ToxCast,CLD_CYP1A2_48hr,0.6921119592875318
370,ToxCast,CLD_CYP1A2_6hr,0.46625766871165647
371,ToxCast,CLD_CYP2B6_24hr,0.726829268292683
372,ToxCast,CLD_CYP2B6_48hr,0.7064676616915423
373,ToxCast,CLD_CYP2B6_6hr,0.7358490566037735
374,ToxCast,CLD_CYP3A4_24hr,0.5689655172413792
375,ToxCast,CLD_CYP3A4_48hr,0.5625
376,ToxCast,CLD_CYP3A4_6hr,0.26950354609929084
377,ToxCast,CLD_GSTA2_48hr,0.19330855018587362
378,ToxCast,CLD_SULT2A_24hr,0.17424242424242425
379,ToxCast,CLD_SULT2A_48hr,0.2553191489361702
380,ToxCast,CLD_UGT1A1_24hr,0.30716723549488056
381,ToxCast,CLD_UGT1A1_48hr,0.34640522875816987
382,ToxCast,NCCT_HEK293T_CellTiterGLO,0.6599597585513078
383,ToxCast,NCCT_QuantiLum_inhib_2_dn,0.430379746835443
384,ToxCast,NCCT_QuantiLum_inhib_dn,0.676056338028169
385,ToxCast,NCCT_TPO_AUR_dn,0.812603648424544
386,ToxCast,NCCT_TPO_GUA_dn,0.72
387,ToxCast,NHEERL_ZF_144hpf_TERATOSCORE_up,0.7602808425275828
388,ToxCast,NVS_ADME_hCYP19A1,0.4666666666666667
389,ToxCast,NVS_ADME_hCYP1A1,0.5779816513761467
390,ToxCast,NVS_ADME_hCYP1A2,0.8642857142857142
391,ToxCast,NVS_ADME_hCYP2A6,0.36697247706422015
392,ToxCast,NVS_ADME_hCYP2B6,0.8093023255813954
393,ToxCast,NVS_ADME_hCYP2C19,0.8099999999999999
394,ToxCast,NVS_ADME_hCYP2C9,0.8133704735376045
395,ToxCast,NVS_ADME_hCYP2D6,0.7999999999999999
396,ToxCast,NVS_ADME_hCYP3A4,0.6919431279620853
397,ToxCast,NVS_ADME_hCYP4F12,0.4444444444444445
398,ToxCast,NVS_ADME_rCYP2C12,0.7297297297297297
399,ToxCast,NVS_ENZ_hAChE,0.5833333333333334
400,ToxCast,NVS_ENZ_hAMPKa1,0.31578947368421056
401,ToxCast,NVS_ENZ_hAurA,0.3448275862068965
402,ToxCast,NVS_ENZ_hBACE,0.6
403,ToxCast,NVS_ENZ_hCASP5,0.5
404,ToxCast,NVS_ENZ_hCK1D,0.40944881889763773
405,ToxCast,NVS_ENZ_hDUSP3,0.6466165413533834
406,ToxCast,NVS_ENZ_hES,0.6285714285714286
407,ToxCast,NVS_ENZ_hElastase,0.5957446808510638
408,ToxCast,NVS_ENZ_hFGFR1,0.28767123287671237
409,ToxCast,NVS_ENZ_hGSK3b,0.20118343195266272
410,ToxCast,NVS_ENZ_hMMP1,0.628099173553719
411,ToxCast,NVS_ENZ_hMMP13,0.7207207207207208
412,ToxCast,NVS_ENZ_hMMP2,0.5925925925925926
413,ToxCast,NVS_ENZ_hMMP3,0.4821428571428571
414,ToxCast,NVS_ENZ_hMMP7,0.3855421686746988
415,ToxCast,NVS_ENZ_hMMP9,0.5892857142857143
416,ToxCast,NVS_ENZ_hPDE10,0.5121951219512195
417,ToxCast,NVS_ENZ_hPDE4A1,0.6303030303030304
418,ToxCast,NVS_ENZ_hPDE5,0.5472636815920399
419,ToxCast,NVS_ENZ_hPI3Ka,0.2765957446808511
420,ToxCast,NVS_ENZ_hPTEN,0.393939393939394
421,ToxCast,NVS_ENZ_hPTPN11,0.4074074074074074
422,ToxCast,NVS_ENZ_hPTPN12,0.41379310344827586
423,ToxCast,NVS_ENZ_hPTPN13,0.43478260869565216
424,ToxCast,NVS_ENZ_hPTPN9,0.38961038961038963
425,ToxCast,NVS_ENZ_hPTPRC,0.6265060240963854
426,ToxCast,NVS_ENZ_hSIRT1,0.3478260869565218
427,ToxCast,NVS_ENZ_hSIRT2,0.4086021505376344
428,ToxCast,NVS_ENZ_hTrkA,0.5483870967741935
429,ToxCast,NVS_ENZ_hVEGFR2,0.24657534246575347
430,ToxCast,NVS_ENZ_oCOX1,0.7422680412371134
431,ToxCast,NVS_ENZ_oCOX2,0.725925925925926
432,ToxCast,NVS_ENZ_rAChE,0.5714285714285714
433,ToxCast,NVS_ENZ_rCNOS,0.5964912280701754
434,ToxCast,NVS_ENZ_rMAOAC,0.8465608465608465
435,ToxCast,NVS_ENZ_rMAOAP,0.7532467532467533
436,ToxCast,NVS_ENZ_rMAOBC,0.7303370786516854
437,ToxCast,NVS_ENZ_rMAOBP,0.625
438,ToxCast,NVS_ENZ_rabI2C,0.7
439,ToxCast,NVS_GPCR_bAdoR_NonSelective,0.5210084033613445
440,ToxCast,NVS_GPCR_bDR_NonSelective,0.7341772151898734
441,ToxCast,NVS_GPCR_g5HT4,0.7614213197969542
442,ToxCast,NVS_GPCR_gH2,0.7727272727272728
443,ToxCast,NVS_GPCR_gLTB4,0.5892857142857142
444,ToxCast,NVS_GPCR_gLTD4,0.6
445,ToxCast,NVS_GPCR_gMPeripheral_NonSelective,0.7164179104477613
446,ToxCast,NVS_GPCR_gOpiateK,0.7559808612440192
447,ToxCast,NVS_GPCR_h5HT2A,0.624
448,ToxCast,NVS_GPCR_h5HT5A,0.6757990867579908
449,ToxCast,NVS_GPCR_h5HT6,0.763888888888889
450,ToxCast,NVS_GPCR_h5HT7,0.7791164658634538
451,ToxCast,NVS_GPCR_hAT1,0.3902439024390244
452,ToxCast,NVS_GPCR_hAdoRA1,0.8369565217391305
453,ToxCast,NVS_GPCR_hAdoRA2a,0.7761194029850745
454,ToxCast,NVS_GPCR_hAdra2A,0.7883211678832117
455,ToxCast,NVS_GPCR_hAdra2C,0.7953216374269005
456,ToxCast,NVS_GPCR_hAdrb1,0.65625
457,ToxCast,NVS_GPCR_hAdrb2,0.6407766990291262
458,ToxCast,NVS_GPCR_hAdrb3,0.41860465116279066
459,ToxCast,NVS_GPCR_hDRD1,0.7715736040609136
460,ToxCast,NVS_GPCR_hDRD2s,0.7484662576687117
461,ToxCast,NVS_GPCR_hDRD4.4,0.7457627118644067
462,ToxCast,NVS_GPCR_hH1,0.7401574803149606
463,ToxCast,NVS_GPCR_hLTB4_BLT1,0.39999999999999997
464,ToxCast,NVS_GPCR_hM1,0.7401574803149606
465,ToxCast,NVS_GPCR_hM2,0.7749999999999999
466,ToxCast,NVS_GPCR_hM3,0.7631578947368421
467,ToxCast,NVS_GPCR_hM4,0.7444444444444445
468,ToxCast,NVS_GPCR_hNK2,0.65
469,ToxCast,NVS_GPCR_hOpiate_D1,0.6814814814814815
470,ToxCast,NVS_GPCR_hOpiate_mu,0.7322834645669292
471,ToxCast,NVS_GPCR_hTXA2,0.6614173228346456
472,ToxCast,NVS_GPCR_p5HT2C,0.8098159509202454
473,ToxCast,NVS_GPCR_r5HT1_NonSelective,0.5681818181818181
474,ToxCast,NVS_GPCR_r5HT_NonSelective,0.7154471544715447
475,ToxCast,NVS_GPCR_rAdra1B,0.7258064516129031
476,ToxCast,NVS_GPCR_rAdra1_NonSelective,0.7368421052631579
477,ToxCast,NVS_GPCR_rAdra2_NonSelective,0.8214285714285715
478,ToxCast,NVS_GPCR_rAdrb_NonSelective,0.5633802816901409
479,ToxCast,NVS_GPCR_rNK1,0.5970149253731344
480,ToxCast,NVS_GPCR_rNK3,0.4719101123595506
481,ToxCast,NVS_GPCR_rOpiate_NonSelective,0.7415730337078651
482,ToxCast,NVS_GPCR_rOpiate_NonSelectiveNa,0.6829268292682926
483,ToxCast,NVS_GPCR_rSST,0.65
484,ToxCast,NVS_GPCR_rTRH,0.06533575317604357
485,ToxCast,NVS_GPCR_rV1,0.6216216216216216
486,ToxCast,NVS_GPCR_rabPAF,0.6818181818181819
487,ToxCast,NVS_GPCR_rmAdra2B,0.8414634146341463
488,ToxCast,NVS_IC_hKhERGCh,0.6434782608695652
489,ToxCast,NVS_IC_rCaBTZCHL,0.8176100628930818
490,ToxCast,NVS_IC_rCaDHPRCh_L,0.7244094488188976
491,ToxCast,NVS_IC_rNaCh_site2,0.8395061728395062
492,ToxCast,NVS_LGIC_bGABARa1,0.5128205128205128
493,ToxCast,NVS_LGIC_h5HT3,0.46376811594202894
494,ToxCast,NVS_LGIC_hNNR_NBungSens,0.6666666666666667
495,ToxCast,NVS_LGIC_rGABAR_NonSelective,0.5333333333333333
496,ToxCast,NVS_LGIC_rNNR_BungSens,0.5599999999999999
497,ToxCast,NVS_MP_hPBR,0.7510040160642569
498,ToxCast,NVS_MP_rPBR,0.7676767676767676
499,ToxCast,NVS_NR_bER,0.21453287197231838
500,ToxCast,NVS_NR_bPR,0.5023696682464455
501,ToxCast,NVS_NR_cAR,0.7453703703703705
502,ToxCast,NVS_NR_hAR,0.6086956521739131
503,ToxCast,NVS_NR_hCAR_Antagonist,0.44982698961937717
504,ToxCast,NVS_NR_hER,0.3524829600778968
505,ToxCast,NVS_NR_hFXR_Agonist,0.4102564102564103
506,ToxCast,NVS_NR_hFXR_Antagonist,0.3481781376518219
507,ToxCast,NVS_NR_hGR,0.6779661016949152
508,ToxCast,NVS_NR_hPPARa,0.29283489096573206
509,ToxCast,NVS_NR_hPPARg,0.3702664796633941
510,ToxCast,NVS_NR_hPR,0.42033898305084744
511,ToxCast,NVS_NR_hPXR,0.3148148148148148
512,ToxCast,NVS_NR_hRAR_Antagonist,0.20183486238532108
513,ToxCast,NVS_NR_hRARa_Agonist,0.24817518248175183
514,ToxCast,NVS_NR_hTRa_Antagonist,0.43438914027149317
515,ToxCast,NVS_NR_mERa,0.33732057416267947
516,ToxCast,NVS_NR_rAR,0.54375
517,ToxCast,NVS_NR_rMR,0.5555555555555556
518,ToxCast,NVS_OR_gSIGMA_NonSelective,0.7830188679245284
519,ToxCast,NVS_TR_gDAT,0.8058608058608059
520,ToxCast,NVS_TR_hAdoT,0.7222222222222222
521,ToxCast,NVS_TR_hDAT,0.8434343434343435
522,ToxCast,NVS_TR_hNET,0.8046647230320698
523,ToxCast,NVS_TR_hSERT,0.5528455284552847
524,ToxCast,NVS_TR_rNET,0.6666666666666666
525,ToxCast,NVS_TR_rSERT,0.6838709677419356
526,ToxCast,NVS_TR_rVMAT2,0.676923076923077
527,ToxCast,OT_AR_ARELUC_AG_1440,0.175609756097561
528,ToxCast,OT_AR_ARSRC1_0480,0.12962962962962962
529,ToxCast,OT_AR_ARSRC1_0960,0.23446105428796224
530,ToxCast,OT_ER_ERaERa_0480,0.19999999999999998
531,ToxCast,OT_ER_ERaERa_1440,0.15630550621669628
532,ToxCast,OT_ER_ERaERb_0480,0.3010752688172043
533,ToxCast,OT_ER_ERaERb_1440,0.25950413223140495
534,ToxCast,OT_ER_ERbERb_0480,0.27656250000000004
535,ToxCast,OT_ER_ERbERb_1440,0.22222222222222224
536,ToxCast,OT_ERa_EREGFP_0120,0.2032838154808444
537,ToxCast,OT_ERa_EREGFP_0480,0.1800486618004866
538,ToxCast,OT_FXR_FXRSRC1_0480,0.3521739130434783
539,ToxCast,OT_FXR_FXRSRC1_1440,0.1822871883061049
540,ToxCast,OT_NURR1_NURR1RXRa_0480,0.2430340557275542
541,ToxCast,OT_NURR1_NURR1RXRa_1440,0.12220309810671254
542,ToxCast,TOX21_ARE_BLA_Agonist_ch1,0.1101101101101101
543,ToxCast,TOX21_ARE_BLA_Agonist_ch2,0.18731003039513677
544,ToxCast,TOX21_ARE_BLA_agonist_ratio,0.38365384615384623
545,ToxCast,TOX21_ARE_BLA_agonist_viability,0.03173403853418965
546,ToxCast,TOX21_AR_BLA_Agonist_ch1,0.007630939993062783
547,ToxCast,TOX21_AR_BLA_Agonist_ch2,0.11641515244841394
548,ToxCast,TOX21_AR_BLA_Agonist_ratio,0.11930253900275314
549,ToxCast,TOX21_AR_BLA_Antagonist_ch1,0.014470082127493154
550,ToxCast,TOX21_AR_BLA_Antagonist_ch2,0.05989385898407885
551,ToxCast,TOX21_AR_BLA_Antagonist_ratio,0.29133984312469985
552,ToxCast,TOX21_AR_BLA_Antagonist_viability,0.159760183389173
553,ToxCast,TOX21_AR_LUC_MDAKB2_Agonist,0.12207151664611593
554,ToxCast,TOX21_AR_LUC_MDAKB2_Antagonist,0.23201621073961498
555,ToxCast,TOX21_AR_LUC_MDAKB2_Antagonist2,0.3369002416292717
556,ToxCast,TOX21_AhR_LUC_Agonist,0.2622448979591836
557,ToxCast,TOX21_Aromatase_Inhibition,0.31331757289204093
558,ToxCast,TOX21_AutoFluor_HEK293_Cell_blue,0.019133151112846546
559,ToxCast,TOX21_AutoFluor_HEK293_Media_blue,0.01912568306010929
560,ToxCast,TOX21_AutoFluor_HEPG2_Cell_blue,0.019519812609798945
561,ToxCast,TOX21_AutoFluor_HEPG2_Cell_green,0.009419152276295134
562,ToxCast,TOX21_AutoFluor_HEPG2_Media_blue,0.018746338605741066
563,ToxCast,TOX21_AutoFluor_HEPG2_Media_green,0.009028459273797841
564,ToxCast,TOX21_ELG1_LUC_Agonist,0.061088132357620104
565,ToxCast,TOX21_ERa_BLA_Agonist_ch1,0.08008940212330043
566,ToxCast,TOX21_ERa_BLA_Agonist_ch2,0.12093862815884478
567,ToxCast,TOX21_ERa_BLA_Agonist_ratio,0.12017322266329844
568,ToxCast,TOX21_ERa_BLA_Antagonist_ch1,0.08637379002233804
569,ToxCast,TOX21_ERa_BLA_Antagonist_ch2,0.07394894894894895
570,ToxCast,TOX21_ERa_BLA_Antagonist_ratio,0.26548672566371684
571,ToxCast,TOX21_ERa_BLA_Antagonist_viability,0.05349013657056145
572,ToxCast,TOX21_ERa_LUC_BG1_Agonist,0.26706700379266746
573,ToxCast,TOX21_ERa_LUC_BG1_Antagonist,0.20321410057024364
574,ToxCast,TOX21_ESRE_BLA_ch1,0.030084745762711862
575,ToxCast,TOX21_ESRE_BLA_ch2,0.03927364864864865
576,ToxCast,TOX21_ESRE_BLA_ratio,0.10244000806614237
577,ToxCast,TOX21_ESRE_BLA_viability,0.06503395760444536
578,ToxCast,TOX21_FXR_BLA_Antagonist_ch1,0.09987966305655836
579,ToxCast,TOX21_FXR_BLA_Antagonist_ch2,0.08019539995929167
580,ToxCast,TOX21_FXR_BLA_agonist_ch2,0.058627858627858624
581,ToxCast,TOX21_FXR_BLA_agonist_ratio,0.062073246430788334
582,ToxCast,TOX21_FXR_BLA_antagonist_ratio,0.2651379433894661
583,ToxCast,TOX21_FXR_BLA_antagonist_viability,0.09356725146198831
584,ToxCast,TOX21_GR_BLA_Agonist_ch1,0.09329877823028508
585,ToxCast,TOX21_GR_BLA_Agonist_ch2,0.06735751295336787
586,ToxCast,TOX21_GR_BLA_Agonist_ratio,0.11697165410836025
587,ToxCast,TOX21_GR_BLA_Antagonist_ch2,0.13228739525762168
588,ToxCast,TOX21_GR_BLA_Antagonist_ratio,0.10669077757685352
589,ToxCast,TOX21_GR_BLA_Antagonist_viability,0.106359649122807
590,ToxCast,TOX21_HSE_BLA_agonist_ch1,0.08087787035155457
591,ToxCast,TOX21_HSE_BLA_agonist_ch2,0.10682136427285457
592,ToxCast,TOX21_HSE_BLA_agonist_ratio,0.1585179526355997
593,ToxCast,TOX21_HSE_BLA_agonist_viability,0.04546402502606882
594,ToxCast,TOX21_MMP_ratio_down,0.38137128072445015
595,ToxCast,TOX21_MMP_ratio_up,0.05559105431309904
596,ToxCast,TOX21_MMP_viability,0.14492753623188404
597,ToxCast,TOX21_NFkB_BLA_agonist_ch1,0.08980089394555059
598,ToxCast,TOX21_NFkB_BLA_agonist_ch2,0.03932346723044398
599,ToxCast,TOX21_NFkB_BLA_agonist_ratio,0.07927705894434176
600,ToxCast,TOX21_NFkB_BLA_agonist_viability,0.12532019704433497
601,ToxCast,TOX21_PPARd_BLA_Agonist_viability,0.1826449412656309
602,ToxCast,TOX21_PPARd_BLA_Antagonist_ch1,0.0350615441999254
603,ToxCast,TOX21_PPARd_BLA_agonist_ch1,0.01007361487795428
604,ToxCast,TOX21_PPARd_BLA_agonist_ch2,0.05609806773322252
605,ToxCast,TOX21_PPARd_BLA_agonist_ratio,0.056016597510373446
606,ToxCast,TOX21_PPARd_BLA_antagonist_ratio,0.1267021906453523
607,ToxCast,TOX21_PPARd_BLA_antagonist_viability,0.0111611933891393
608,ToxCast,TOX21_PPARg_BLA_Agonist_ch1,0.008324661810613945
609,ToxCast,TOX21_PPARg_BLA_Agonist_ch2,0.058047493403693924
610,ToxCast,TOX21_PPARg_BLA_Agonist_ratio,0.0936232952451161
611,ToxCast,TOX21_PPARg_BLA_Antagonist_ch1,0.010741138560687433
612,ToxCast,TOX21_PPARg_BLA_antagonist_ratio,0.16776188635485118
613,ToxCast,TOX21_PPARg_BLA_antagonist_viability,0.045559038662486936
614,ToxCast,TOX21_TR_LUC_GH3_Agonist,0.009784735812133072
615,ToxCast,TOX21_TR_LUC_GH3_Antagonist,0.4094833894336309
616,ToxCast,TOX21_VDR_BLA_Agonist_viability,0.17161339421613397
617,ToxCast,TOX21_VDR_BLA_Antagonist_ch1,0.05246720799500312
618,ToxCast,TOX21_VDR_BLA_agonist_ch2,0.023880597014925377
619,ToxCast,TOX21_VDR_BLA_agonist_ratio,0.025553662691652473
620,ToxCast,TOX21_VDR_BLA_antagonist_ratio,0.09392712550607288
621,ToxCast,TOX21_VDR_BLA_antagonist_viability,0.08319738988580751
622,ToxCast,TOX21_p53_BLA_p1_ch1,0.1499468273661822
623,ToxCast,TOX21_p53_BLA_p1_ch2,0.1374706837452643
624,ToxCast,TOX21_p53_BLA_p1_ratio,0.21372748895684676
625,ToxCast,TOX21_p53_BLA_p1_viability,0.09989023051591658
626,ToxCast,TOX21_p53_BLA_p2_ch1,0.13323807822825504
627,ToxCast,TOX21_p53_BLA_p2_ch2,0.2213519495998638
628,ToxCast,TOX21_p53_BLA_p2_ratio,0.2634769785351467
629,ToxCast,TOX21_p53_BLA_p2_viability,0.16865417376490632
630,ToxCast,TOX21_p53_BLA_p3_ch1,0.1738828029907842
631,ToxCast,TOX21_p53_BLA_p3_ch2,0.19090437489192463
632,ToxCast,TOX21_p53_BLA_p3_ratio,0.2414193334438733
633,ToxCast,TOX21_p53_BLA_p3_viability,0.10899182561307902
634,ToxCast,TOX21_p53_BLA_p4_ch1,0.17417102966841186
635,ToxCast,TOX21_p53_BLA_p4_ch2,0.16232500443026757
636,ToxCast,TOX21_p53_BLA_p4_ratio,0.24613851519681115
637,ToxCast,TOX21_p53_BLA_p4_viability,0.1682047710255964
638,ToxCast,TOX21_p53_BLA_p5_ch1,0.09546627349797274
639,ToxCast,TOX21_p53_BLA_p5_ch2,0.18197725284339455
640,ToxCast,TOX21_p53_BLA_p5_ratio,0.22737195633921076
641,ToxCast,TOX21_p53_BLA_p5_viability,0.08407407407407408
642,ToxCast,Tanguay_ZF_120hpf_AXIS_up,0.2184049079754601
643,ToxCast,Tanguay_ZF_120hpf_ActivityScore,0.3528114663726571
644,ToxCast,Tanguay_ZF_120hpf_BRAI_up,0.13350785340314136
645,ToxCast,Tanguay_ZF_120hpf_CFIN_up,0.09587217043941411
646,ToxCast,Tanguay_ZF_120hpf_CIRC_up,0.047156726768377254
647,ToxCast,Tanguay_ZF_120hpf_EYE_up,0.15856777493606136
648,ToxCast,Tanguay_ZF_120hpf_JAW_up,0.21568627450980393
649,ToxCast,Tanguay_ZF_120hpf_MORT_up,0.2511961722488038
650,ToxCast,Tanguay_ZF_120hpf_OTIC_up,0.09127516778523491
651,ToxCast,Tanguay_ZF_120hpf_PE_up,0.22871046228710462
652,ToxCast,Tanguay_ZF_120hpf_PFIN_up,0.11345646437994722
653,ToxCast,Tanguay_ZF_120hpf_PIG_up,0.09893048128342247
654,ToxCast,Tanguay_ZF_120hpf_SNOU_up,0.2192118226600985
655,ToxCast,Tanguay_ZF_120hpf_SOMI_up,0.08636977058029689
656,ToxCast,Tanguay_ZF_120hpf_SWIM_up,0.07608695652173914
657,ToxCast,Tanguay_ZF_120hpf_TRUN_up,0.12105263157894737
658,ToxCast,Tanguay_ZF_120hpf_TR_up,0.16326530612244897
659,ToxCast,Tanguay_ZF_120hpf_YSE_up,0.2385542168674699
660,MUV,MUV-466,0.0036516094130375986
661,MUV,MUV-548,0.003982422411425433
662,MUV,MUV-600,0.004130240242307427
663,MUV,MUV-644,0.00419785909186315
664,MUV,MUV-652,0.03208556149732621
665,MUV,MUV-689,0.004019404019404019
666,MUV,MUV-692,0.004176818656456666
667,MUV,MUV-712,0.003989172246758798
668,MUV,MUV-713,0.009478672985781991
669,MUV,MUV-733,0.006410256410256409
670,MUV,MUV-737,0.00398379009547359
671,MUV,MUV-810,0.0040132853584278995
672,MUV,MUV-832,0.004160022186784996
673,MUV,MUV-846,0.0041121239120005485
674,MUV,MUV-852,0.004003313086692436
675,MUV,MUV-858,0.003978052126200275
676,MUV,MUV-859,0.0033035099793530622
